transaction_id,label
TXN000001,normal
TXN000002,normal
TXN000003,normal
TXN000004,normal
TXN000005,normal
TXN000006,normal
TXN000007,normal
TXN000008,normal
TXN000009,normal
TXN000010,normal
TXN000011,normal
TXN000012,anomaly
TXN000013,normal
TXN000014,normal
TXN000015,normal
TXN000016,normal
TXN000017,normal
TXN000018,normal
TXN000019,normal
TXN000020,normal
TXN000021,normal
TXN000022,normal
TXN000023,normal
TXN000024,normal
TXN000025,normal
TXN000026,normal
TXN000027,normal
TXN000028,normal
TXN000029,normal
TXN000030,normal
TXN000031,normal
TXN000032,normal
TXN000033,anomaly
TXN000034,normal
TXN000035,normal
TXN000036,normal
TXN000037,normal
TXN000038,normal
TXN000039,normal
TXN000040,normal
TXN000041,normal
TXN000042,normal
TXN000043,normal
TXN000044,normal
TXN000045,normal
TXN000046,normal
TXN000047,normal
TXN000048,normal
TXN000049,anomaly
TXN000050,normal
TXN000051,normal
TXN000052,normal
TXN000053,normal
TXN000054,normal
TXN000055,normal
TXN000056,normal
TXN000057,normal
TXN000058,anomaly
TXN000059,normal
TXN000060,normal
TXN000061,normal
TXN000062,normal
TXN000063,normal
TXN000064,normal
TXN000065,normal
TXN000066,anomaly
TXN000067,normal
TXN000068,anomaly
TXN000069,normal
TXN000070,normal
TXN000071,normal
TXN000072,normal
TXN000073,normal
TXN000074,normal
TXN000075,normal
TXN000076,normal
TXN000077,normal
TXN000078,normal
TXN000079,normal
TXN000080,normal
TXN000081,normal
TXN000082,normal
TXN000083,normal
TXN000084,normal
TXN000085,normal
TXN000086,normal
TXN000087,normal
TXN000088,normal
TXN000089,normal
TXN000090,normal
TXN000091,normal
TXN000092,normal
TXN000093,normal
TXN000094,anomaly
TXN000095,normal
TXN000096,normal
TXN000097,normal
TXN000098,normal
TXN000099,normal
TXN000100,normal
TXN000101,normal
TXN000102,normal
TXN000103,normal
TXN000104,normal
TXN000105,normal
TXN000106,normal
TXN000107,normal
TXN000108,normal
TXN000109,normal
TXN000110,normal
TXN000111,normal
TXN000112,normal
TXN000113,anomaly
TXN000114,normal
TXN000115,normal
TXN000116,normal
TXN000117,normal
TXN000118,anomaly
TXN000119,normal
TXN000120,normal
TXN000121,normal
TXN000122,normal
TXN000123,normal
TXN000124,normal
TXN000125,normal
TXN000126,normal
TXN000127,normal
TXN000128,normal
TXN000129,normal
TXN000130,normal
TXN000131,normal
TXN000132,normal
TXN000133,normal
TXN000134,normal
TXN000135,normal
TXN000136,normal
TXN000137,normal
TXN000138,normal
TXN000139,normal
TXN000140,normal
TXN000141,normal
TXN000142,anomaly
TXN000143,anomaly
TXN000144,normal
TXN000145,normal
TXN000146,normal
TXN000147,anomaly
TXN000148,normal
TXN000149,normal
TXN000150,normal
TXN000151,normal
TXN000152,normal
TXN000153,normal
TXN000154,normal
TXN000155,normal
TXN000156,normal
TXN000157,anomaly
TXN000158,normal
TXN000159,normal
TXN000160,normal
TXN000161,normal
TXN000162,normal
TXN000163,normal
TXN000164,anomaly
TXN000165,normal
TXN000166,normal
TXN000167,normal
TXN000168,normal
TXN000169,normal
TXN000170,normal
TXN000171,normal
TXN000172,normal
TXN000173,normal
TXN000174,normal
TXN000175,normal
TXN000176,normal
TXN000177,normal
TXN000178,normal
TXN000179,normal
TXN000180,normal
TXN000181,normal
TXN000182,normal
TXN000183,normal
TXN000184,normal
TXN000185,normal
TXN000186,normal
TXN000187,normal
TXN000188,normal
TXN000189,normal
TXN000190,normal
TXN000191,normal
TXN000192,normal
TXN000193,normal
TXN000194,normal
TXN000195,normal
TXN000196,normal
TXN000197,normal
TXN000198,normal
TXN000199,normal
TXN000200,normal
TXN000201,normal
TXN000202,normal
TXN000203,normal
TXN000204,normal
TXN000205,normal
TXN000206,normal
TXN000207,normal
TXN000208,normal
TXN000209,normal
TXN000210,normal
TXN000211,normal
TXN000212,normal
TXN000213,normal
TXN000214,normal
TXN000215,normal
TXN000216,normal
TXN000217,anomaly
TXN000218,anomaly
TXN000219,normal
TXN000220,normal
TXN000221,normal
TXN000222,normal
TXN000223,normal
TXN000224,normal
TXN000225,anomaly
TXN000226,normal
TXN000227,normal
TXN000228,normal
TXN000229,normal
TXN000230,normal
TXN000231,normal
TXN000232,normal
TXN000233,normal
TXN000234,normal
TXN000235,anomaly
TXN000236,normal
TXN000237,normal
TXN000238,normal
TXN000239,normal
TXN000240,normal
TXN000241,normal
TXN000242,normal
TXN000243,normal
TXN000244,normal
TXN000245,normal
TXN000246,normal
TXN000247,normal
TXN000248,normal
TXN000249,normal
TXN000250,normal
TXN000251,normal
TXN000252,normal
TXN000253,anomaly
TXN000254,normal
TXN000255,normal
TXN000256,normal
TXN000257,normal
TXN000258,anomaly
TXN000259,normal
TXN000260,normal
TXN000261,normal
TXN000262,normal
TXN000263,normal
TXN000264,normal
TXN000265,normal
TXN000266,normal
TXN000267,normal
TXN000268,normal
TXN000269,normal
TXN000270,anomaly
TXN000271,normal
TXN000272,anomaly
TXN000273,normal
TXN000274,anomaly
TXN000275,anomaly
TXN000276,normal
TXN000277,normal
TXN000278,normal
TXN000279,normal
TXN000280,normal
TXN000281,normal
TXN000282,normal
TXN000283,normal
TXN000284,normal
TXN000285,normal
TXN000286,normal
TXN000287,normal
TXN000288,normal
TXN000289,normal
TXN000290,normal
TXN000291,normal
TXN000292,normal
TXN000293,normal
TXN000294,normal
TXN000295,normal
TXN000296,normal
TXN000297,normal
TXN000298,normal
TXN000299,normal
TXN000300,normal
TXN000301,normal
TXN000302,normal
TXN000303,normal
TXN000304,normal
TXN000305,normal
TXN000306,normal
TXN000307,normal
TXN000308,normal
TXN000309,normal
TXN000310,normal
TXN000311,normal
TXN000312,normal
TXN000313,normal
TXN000314,normal
TXN000315,normal
TXN000316,normal
TXN000317,normal
TXN000318,normal
TXN000319,normal
TXN000320,normal
TXN000321,normal
TXN000322,normal
TXN000323,anomaly
TXN000324,anomaly
TXN000325,normal
TXN000326,normal
TXN000327,normal
TXN000328,normal
TXN000329,normal
TXN000330,normal
TXN000331,normal
TXN000332,normal
TXN000333,anomaly
TXN000334,normal
TXN000335,normal
TXN000336,normal
TXN000337,normal
TXN000338,normal
TXN000339,normal
TXN000340,normal
TXN000341,normal
TXN000342,normal
TXN000343,normal
TXN000344,normal
TXN000345,normal
TXN000346,normal
TXN000347,normal
TXN000348,normal
TXN000349,normal
TXN000350,normal
TXN000351,normal
TXN000352,normal
TXN000353,normal
TXN000354,normal
TXN000355,normal
TXN000356,normal
TXN000357,normal
TXN000358,normal
TXN000359,normal
TXN000360,normal
TXN000361,normal
TXN000362,normal
TXN000363,normal
TXN000364,normal
TXN000365,normal
TXN000366,normal
TXN000367,normal
TXN000368,normal
TXN000369,normal
TXN000370,normal
TXN000371,anomaly
TXN000372,normal
TXN000373,normal
TXN000374,normal
TXN000375,normal
TXN000376,normal
TXN000377,normal
TXN000378,normal
TXN000379,normal
TXN000380,normal
TXN000381,normal
TXN000382,normal
TXN000383,normal
TXN000384,normal
TXN000385,normal
TXN000386,normal
TXN000387,normal
TXN000388,normal
TXN000389,normal
TXN000390,normal
TXN000391,anomaly
TXN000392,normal
TXN000393,normal
TXN000394,normal
TXN000395,anomaly
TXN000396,normal
TXN000397,normal
TXN000398,normal
TXN000399,normal
TXN000400,normal
TXN000401,normal
TXN000402,normal
TXN000403,normal
TXN000404,normal
TXN000405,normal
TXN000406,anomaly
TXN000407,normal
TXN000408,normal
TXN000409,anomaly
TXN000410,normal
TXN000411,anomaly
TXN000412,normal
TXN000413,normal
TXN000414,normal
TXN000415,normal
TXN000416,normal
TXN000417,normal
TXN000418,normal
TXN000419,normal
TXN000420,normal
TXN000421,normal
TXN000422,normal
TXN000423,normal
TXN000424,normal
TXN000425,normal
TXN000426,normal
TXN000427,normal
TXN000428,normal
TXN000429,normal
TXN000430,normal
TXN000431,normal
TXN000432,normal
TXN000433,anomaly
TXN000434,normal
TXN000435,normal
TXN000436,normal
TXN000437,normal
TXN000438,normal
TXN000439,anomaly
TXN000440,normal
TXN000441,normal
TXN000442,normal
TXN000443,normal
TXN000444,normal
TXN000445,normal
TXN000446,normal
TXN000447,normal
TXN000448,normal
TXN000449,normal
TXN000450,normal
TXN000451,normal
TXN000452,normal
TXN000453,normal
TXN000454,normal
TXN000455,normal
TXN000456,normal
TXN000457,normal
TXN000458,normal
TXN000459,normal
TXN000460,normal
TXN000461,normal
TXN000462,normal
TXN000463,normal
TXN000464,normal
TXN000465,normal
TXN000466,normal
TXN000467,normal
TXN000468,normal
TXN000469,normal
TXN000470,anomaly
TXN000471,normal
TXN000472,normal
TXN000473,normal
TXN000474,normal
TXN000475,normal
TXN000476,normal
TXN000477,normal
TXN000478,normal
TXN000479,normal
TXN000480,anomaly
TXN000481,normal
TXN000482,normal
TXN000483,normal
TXN000484,normal
TXN000485,normal
TXN000486,normal
TXN000487,normal
TXN000488,normal
TXN000489,normal
TXN000490,normal
TXN000491,normal
TXN000492,normal
TXN000493,normal
TXN000494,normal
TXN000495,normal
TXN000496,normal
TXN000497,normal
TXN000498,normal
TXN000499,normal
TXN000500,normal
TXN000501,normal
TXN000502,normal
TXN000503,normal
TXN000504,normal
TXN000505,normal
TXN000506,anomaly
TXN000507,normal
TXN000508,normal
TXN000509,normal
TXN000510,normal
TXN000511,normal
TXN000512,anomaly
TXN000513,normal
TXN000514,normal
TXN000515,normal
TXN000516,normal
TXN000517,normal
TXN000518,normal
TXN000519,normal
TXN000520,normal
TXN000521,normal
TXN000522,anomaly
TXN000523,normal
TXN000524,normal
TXN000525,normal
TXN000526,normal
TXN000527,normal
TXN000528,normal
TXN000529,normal
TXN000530,normal
TXN000531,normal
TXN000532,normal
TXN000533,normal
TXN000534,normal
TXN000535,normal
TXN000536,normal
TXN000537,normal
TXN000538,normal
TXN000539,normal
TXN000540,normal
TXN000541,normal
TXN000542,anomaly
TXN000543,normal
TXN000544,normal
TXN000545,normal
TXN000546,normal
TXN000547,normal
TXN000548,normal
TXN000549,normal
TXN000550,anomaly
TXN000551,normal
TXN000552,anomaly
TXN000553,normal
TXN000554,normal
TXN000555,normal
TXN000556,normal
TXN000557,normal
TXN000558,normal
TXN000559,normal
TXN000560,normal
TXN000561,normal
TXN000562,normal
TXN000563,normal
TXN000564,normal
TXN000565,normal
TXN000566,normal
TXN000567,anomaly
TXN000568,normal
TXN000569,normal
TXN000570,normal
TXN000571,anomaly
TXN000572,normal
TXN000573,normal
TXN000574,normal
TXN000575,anomaly
TXN000576,normal
TXN000577,normal
TXN000578,normal
TXN000579,normal
TXN000580,normal
TXN000581,anomaly
TXN000582,normal
TXN000583,normal
TXN000584,normal
TXN000585,normal
TXN000586,normal
TXN000587,normal
TXN000588,normal
TXN000589,normal
TXN000590,normal
TXN000591,normal
TXN000592,normal
TXN000593,normal
TXN000594,normal
TXN000595,normal
TXN000596,normal
TXN000597,normal
TXN000598,anomaly
TXN000599,anomaly
TXN000600,normal
TXN000601,normal
TXN000602,normal
TXN000603,normal
TXN000604,normal
TXN000605,normal
TXN000606,normal
TXN000607,normal
TXN000608,normal
TXN000609,normal
TXN000610,normal
TXN000611,anomaly
TXN000612,normal
TXN000613,normal
TXN000614,normal
TXN000615,normal
TXN000616,normal
TXN000617,normal
TXN000618,normal
TXN000619,normal
TXN000620,normal
TXN000621,normal
TXN000622,normal
TXN000623,normal
TXN000624,normal
TXN000625,normal
TXN000626,normal
TXN000627,normal
TXN000628,normal
TXN000629,normal
TXN000630,normal
TXN000631,normal
TXN000632,normal
TXN000633,normal
TXN000634,normal
TXN000635,normal
TXN000636,normal
TXN000637,normal
TXN000638,normal
TXN000639,normal
TXN000640,normal
TXN000641,normal
TXN000642,normal
TXN000643,anomaly
TXN000644,normal
TXN000645,normal
TXN000646,normal
TXN000647,normal
TXN000648,normal
TXN000649,normal
TXN000650,normal
TXN000651,normal
TXN000652,normal
TXN000653,normal
TXN000654,normal
TXN000655,normal
TXN000656,anomaly
TXN000657,normal
TXN000658,normal
TXN000659,anomaly
TXN000660,normal
TXN000661,normal
TXN000662,normal
TXN000663,normal
TXN000664,normal
TXN000665,normal
TXN000666,normal
TXN000667,normal
TXN000668,normal
TXN000669,normal
TXN000670,normal
TXN000671,normal
TXN000672,anomaly
TXN000673,normal
TXN000674,normal
TXN000675,normal
TXN000676,normal
TXN000677,normal
TXN000678,normal
TXN000679,normal
TXN000680,normal
TXN000681,normal
TXN000682,normal
TXN000683,normal
TXN000684,normal
TXN000685,normal
TXN000686,normal
TXN000687,normal
TXN000688,normal
TXN000689,normal
TXN000690,normal
TXN000691,normal
TXN000692,normal
TXN000693,normal
TXN000694,normal
TXN000695,normal
TXN000696,normal
TXN000697,anomaly
TXN000698,normal
TXN000699,anomaly
TXN000700,normal
TXN000701,normal
TXN000702,anomaly
TXN000703,normal
TXN000704,normal
TXN000705,anomaly
TXN000706,normal
TXN000707,normal
TXN000708,normal
TXN000709,normal
TXN000710,normal
TXN000711,normal
TXN000712,normal
TXN000713,normal
TXN000714,normal
TXN000715,normal
TXN000716,normal
TXN000717,normal
TXN000718,normal
TXN000719,normal
TXN000720,normal
TXN000721,normal
TXN000722,normal
TXN000723,normal
TXN000724,normal
TXN000725,normal
TXN000726,normal
TXN000727,normal
TXN000728,normal
TXN000729,normal
TXN000730,normal
TXN000731,normal
TXN000732,normal
TXN000733,normal
TXN000734,normal
TXN000735,normal
TXN000736,anomaly
TXN000737,normal
TXN000738,normal
TXN000739,anomaly
TXN000740,normal
TXN000741,normal
TXN000742,normal
TXN000743,normal
TXN000744,normal
TXN000745,normal
TXN000746,normal
TXN000747,normal
TXN000748,normal
TXN000749,normal
TXN000750,normal
TXN000751,normal
TXN000752,normal
TXN000753,normal
TXN000754,normal
TXN000755,normal
TXN000756,normal
TXN000757,normal
TXN000758,normal
TXN000759,normal
TXN000760,normal
TXN000761,normal
TXN000762,normal
TXN000763,anomaly
TXN000764,normal
TXN000765,anomaly
TXN000766,normal
TXN000767,normal
TXN000768,normal
TXN000769,anomaly
TXN000770,normal
TXN000771,normal
TXN000772,normal
TXN000773,normal
TXN000774,anomaly
TXN000775,normal
TXN000776,normal
TXN000777,normal
TXN000778,normal
TXN000779,normal
TXN000780,normal
TXN000781,normal
TXN000782,normal
TXN000783,normal
TXN000784,normal
TXN000785,normal
TXN000786,normal
TXN000787,anomaly
TXN000788,normal
TXN000789,normal
TXN000790,normal
TXN000791,normal
TXN000792,normal
TXN000793,normal
TXN000794,normal
TXN000795,anomaly
TXN000796,normal
TXN000797,normal
TXN000798,normal
TXN000799,normal
TXN000800,normal
TXN000801,normal
TXN000802,normal
TXN000803,normal
TXN000804,normal
TXN000805,normal
TXN000806,normal
TXN000807,normal
TXN000808,normal
TXN000809,normal
TXN000810,normal
TXN000811,normal
TXN000812,anomaly
TXN000813,normal
TXN000814,normal
TXN000815,normal
TXN000816,normal
TXN000817,normal
TXN000818,normal
TXN000819,normal
TXN000820,normal
TXN000821,normal
TXN000822,normal
TXN000823,normal
TXN000824,normal
TXN000825,anomaly
TXN000826,normal
TXN000827,normal
TXN000828,normal
TXN000829,normal
TXN000830,normal
TXN000831,normal
TXN000832,normal
TXN000833,normal
TXN000834,normal
TXN000835,normal
TXN000836,normal
TXN000837,normal
TXN000838,normal
TXN000839,normal
TXN000840,normal
TXN000841,normal
TXN000842,anomaly
TXN000843,normal
TXN000844,normal
TXN000845,normal
TXN000846,normal
TXN000847,normal
TXN000848,normal
TXN000849,normal
TXN000850,normal
TXN000851,normal
TXN000852,normal
TXN000853,normal
TXN000854,normal
TXN000855,normal
TXN000856,normal
TXN000857,normal
TXN000858,normal
TXN000859,normal
TXN000860,normal
TXN000861,normal
TXN000862,normal
TXN000863,normal
TXN000864,anomaly
TXN000865,normal
TXN000866,normal
TXN000867,normal
TXN000868,normal
TXN000869,normal
TXN000870,normal
TXN000871,normal
TXN000872,normal
TXN000873,normal
TXN000874,normal
TXN000875,normal
TXN000876,normal
TXN000877,normal
TXN000878,normal
TXN000879,normal
TXN000880,normal
TXN000881,normal
TXN000882,anomaly
TXN000883,normal
TXN000884,normal
TXN000885,normal
TXN000886,normal
TXN000887,normal
TXN000888,normal
TXN000889,normal
TXN000890,normal
TXN000891,normal
TXN000892,normal
TXN000893,normal
TXN000894,normal
TXN000895,normal
TXN000896,normal
TXN000897,normal
TXN000898,anomaly
TXN000899,normal
TXN000900,normal
TXN000901,normal
TXN000902,normal
TXN000903,normal
TXN000904,normal
TXN000905,normal
TXN000906,anomaly
TXN000907,anomaly
TXN000908,normal
TXN000909,normal
TXN000910,normal
TXN000911,normal
TXN000912,normal
TXN000913,normal
TXN000914,normal
TXN000915,normal
TXN000916,normal
TXN000917,normal
TXN000918,normal
TXN000919,normal
TXN000920,anomaly
TXN000921,normal
TXN000922,normal
TXN000923,normal
TXN000924,normal
TXN000925,normal
TXN000926,normal
TXN000927,normal
TXN000928,normal
TXN000929,normal
TXN000930,normal
TXN000931,normal
TXN000932,normal
TXN000933,normal
TXN000934,normal
TXN000935,normal
TXN000936,anomaly
TXN000937,anomaly
TXN000938,normal
TXN000939,normal
TXN000940,normal
TXN000941,normal
TXN000942,normal
TXN000943,normal
TXN000944,normal
TXN000945,normal
TXN000946,normal
TXN000947,normal
TXN000948,anomaly
TXN000949,normal
TXN000950,normal
TXN000951,normal
TXN000952,normal
TXN000953,normal
TXN000954,normal
TXN000955,normal
TXN000956,normal
TXN000957,normal
TXN000958,normal
TXN000959,normal
TXN000960,normal
TXN000961,normal
TXN000962,normal
TXN000963,normal
TXN000964,normal
TXN000965,normal
TXN000966,anomaly
TXN000967,normal
TXN000968,normal
TXN000969,normal
TXN000970,normal
TXN000971,normal
TXN000972,normal
TXN000973,normal
TXN000974,normal
TXN000975,normal
TXN000976,normal
TXN000977,normal
TXN000978,normal
TXN000979,normal
TXN000980,normal
TXN000981,normal
TXN000982,normal
TXN000983,normal
TXN000984,normal
TXN000985,normal
TXN000986,normal
TXN000987,normal
TXN000988,normal
TXN000989,normal
TXN000990,normal
TXN000991,normal
TXN000992,normal
TXN000993,normal
TXN000994,normal
TXN000995,anomaly
TXN000996,normal
TXN000997,normal
TXN000998,normal
TXN000999,normal
TXN001000,normal
